Iter,fpx,fpy,fpz,fvx,fvy,fvz
1.0,-480.6036,21.33702,8.6282e-16,-1.30198e-05,0.000368366,-1.174208e-17
2.0,954.4579,-69.19155,-1.792615e-15,-0.005697759,-0.05525935,1.430446e-15
3.0,1067.288,-11.64558,-1.967618e-15,0.5910714,1.424426,1.431221e-16
4.0,996.8903,-112.2571,-1.673532e-15,0.5278743,1.07422,-6.400852e-19
5.0,-294.7212,88.14819,8.628188e-16,0.4093757,0.7511888,-1.076798e-16
6.0,-426.3335,-14.63186,7.123362e-16,0.3251769,0.5931954,5.612003e-18
7.0,-699.2523,121.4707,1.34519e-15,0.2487528,0.3371791,-1.231736e-16
8.0,-645.2398,87.34493,1.223159e-15,0.306118,0.1664024,-1.327482e-17
9.0,-700.9882,103.3496,1.353622e-15,0.444612,0.08609453,-4.222078e-17
10.0,-692.0753,110.7018,1.344239e-15,-0.1324808,-0.4054969,-4.423082e-17
11.0,-586.3377,169.8849,1.221068e-15,0.5721082,-0.1347956,-3.46089e-17
12.0,-364.9869,169.3817,8.153487e-16,0.7823548,-0.2413224,6.649101e-17
13.0,-360.3316,163.2364,8.104499e-16,0.4743421,-0.169028,-7.810443e-18
14.0,-378.3856,174.1864,8.791e-16,0.01580172,-0.05588947,-1.700102e-17
15.0,-394.3631,173.7975,9.247791e-16,0.09418594,0.01639971,-7.716406e-18
16.0,-456.5032,194.5528,1.071559e-15,0.09643587,0.04112227,-2.707828e-17
17.0,-480.1167,193.3503,1.154664e-15,0.1376775,0.04267886,-2.324309e-17
18.0,-505.8896,188.771,1.254463e-15,0.154347,0.02829047,-2.52739e-17
19.0,-546.5105,189.473,1.412862e-15,0.1351375,0.1061204,-3.051802e-17
20.0,-547.261,183.724,1.483452e-15,0.1718475,0.1186578,-2.488207e-17
21.0,-567.2441,201.0594,1.615596e-15,0.1654819,0.1925976,-3.847326e-17
22.0,-548.641,223.506,1.696516e-15,0.2212758,0.2450045,-3.033798e-17
23.0,-543.8544,245.0891,1.780576e-15,0.2542967,0.296022,-3.22717e-17
24.0,-548.0453,274.3131,1.884885e-15,0.2917136,0.3546905,-3.480748e-17
25.0,-538.4398,297.9339,1.952378e-15,0.3261818,0.4264181,-2.688635e-17
26.0,-549.9704,322.6133,2.047384e-15,0.374324,0.4821069,-3.224e-17
27.0,-621.3568,336.9258,2.223761e-15,0.4238905,0.534467,-4.481365e-17
28.0,-717.4339,338.2473,2.40676e-15,0.484431,0.582003,-5.223621e-17
29.0,-745.364,349.6812,2.469356e-15,0.5059266,0.6353733,-4.043157e-17
30.0,-797.0096,353.4916,2.535906e-15,0.5348777,0.658837,-4.487291e-17
31.0,-867.7586,367.7915,2.642144e-15,0.568572,0.6704235,-5.669234e-17
32.0,-863.038,372.0224,2.601315e-15,0.5983921,0.7073865,-3.880324e-17
33.0,-885.095,380.8012,2.589972e-15,0.6155188,0.7204204,-5.129866e-17
34.0,-898.1518,388.882,2.567284e-15,0.604273,0.6984338,-6.401902e-17
35.0,-926.3515,396.4109,2.554914e-15,0.5876966,0.6911613,-9.006728e-17
36.0,-969.6856,403.8997,2.569665e-15,0.5606056,0.6786293,-8.154527e-17
37.0,-1004.27,407.7981,2.56852e-15,0.5206738,0.6656629,-5.9545e-17
38.0,-1017.13,410.3337,2.535467e-15,0.4798633,0.6510849,-3.273405e-17
39.0,-1025.701,410.5304,2.485913e-15,0.4397668,0.6436474,-4.199917e-17
40.0,-1033.533,410.3208,2.438225e-15,0.3849224,0.6178916,-4.621715e-18
41.0,-1036.116,409.786,2.401485e-15,0.3695524,0.6260613,-3.480397e-17
42.0,-1035.425,406.088,2.35448e-15,0.3532396,0.6218166,-1.993805e-17
43.0,-1025.277,398.7327,2.283394e-15,0.3217461,0.5918467,-1.44402e-17
44.0,-1006.092,390.7325,2.199835e-15,0.3156957,0.5904451,-6.324541e-17
45.0,-981.1348,384.8781,2.112011e-15,0.2631948,0.5354319,-3.185788e-17
46.0,-959.2751,379.5117,2.036623e-15,0.2499852,0.5341489,-4.439108e-17
47.0,-923.5328,372.7288,1.935287e-15,0.2266256,0.515628,-2.070003e-17
48.0,-898.7106,365.9725,1.864064e-15,0.2121938,0.5055656,-3.033457e-17
49.0,-848.9277,357.2569,1.750501e-15,0.1567173,0.4885073,-7.755579e-18
50.0,-845.4075,348.975,1.723437e-15,0.1588316,0.4508887,-1.984159e-17
51.0,-836.0135,337.0561,1.68568e-15,0.1544666,0.4145512,-2.057492e-17
52.0,-790.2937,322.3275,1.58289e-15,0.1434898,0.3803308,-1.815195e-17
53.0,-781.569,313.8431,1.550951e-15,0.1377956,0.3483947,-3.145334e-17
54.0,-763.8223,303.5587,1.501337e-15,0.1294826,0.3168872,-3.316943e-17
55.0,-711.6323,291.0462,1.389775e-15,0.1190052,0.2938969,-3.659888e-17
56.0,-697.1548,285.0734,1.351446e-15,0.106596,0.27403,-4.732814e-17
57.0,-653.2899,274.2125,1.26222e-15,0.09287653,0.2513592,-1.472097e-17
58.0,-630.3286,267.3173,1.219166e-15,0.07367822,0.2269043,-2.440122e-17
59.0,-608.8598,260.7725,1.18505e-15,0.05739877,0.2042295,-1.006096e-17
60.0,-561.2296,252.0908,1.109638e-15,0.04631153,0.1887158,-3.225057e-18
61.0,-536.955,246.716,1.078003e-15,0.04878859,0.1916297,-9.259052e-18
62.0,-517.6034,242.4229,1.056386e-15,0.04153403,0.1851615,-9.628054e-18
63.0,-487.0231,237.6744,1.01749e-15,0.0433487,0.1908801,-1.12155e-17
64.0,-453.9162,233.1082,9.742283e-16,0.04366822,0.196018,-1.097343e-17
65.0,-423.2654,231.5264,9.408003e-16,0.0434117,0.2032085,-1.622442e-17
66.0,-395.9886,231.9519,9.159932e-16,0.04342327,0.2103372,-1.939148e-17
67.0,-366.1368,234.029,8.85013e-16,0.04635669,0.2175525,-2.044742e-17
68.0,-337.6639,237.2756,8.53693e-16,0.05235822,0.2252323,-1.945564e-17
69.0,-307.9657,240.6538,8.15969e-16,0.06252304,0.233261,-1.994436e-17
70.0,-276.7612,243.2421,7.722674e-16,0.07450112,0.2404506,-2.159154e-17
71.0,-245.4088,244.705,7.235815e-16,0.08839322,0.2444383,-2.612093e-17
72.0,-218.3001,244.0033,6.785657e-16,0.1082491,0.2455877,-1.802151e-17
73.0,-185.4804,242.1551,6.170937e-16,0.1238688,0.2439028,-1.012071e-17
74.0,-160.9794,238.2737,5.65442e-16,0.1430966,0.2382574,-9.125727e-18
75.0,-144.5574,234.3688,5.283652e-16,0.1617715,0.2341268,-1.574813e-17
76.0,-122.6325,228.3304,4.718887e-16,0.1732863,0.2262851,-7.938914e-18
77.0,-110.7271,223.8941,4.357636e-16,0.1849955,0.223148,-1.201122e-17
78.0,-93.86495,217.6822,3.834174e-16,0.188874,0.2200328,-6.229148e-18
79.0,-88.14878,215.8258,3.622443e-16,0.1898392,0.2184754,-1.383043e-17
80.0,-76.83826,209.4772,3.211631e-16,0.1918668,0.2139801,-7.828068e-18
81.0,-74.73557,207.9125,3.102713e-16,0.1896907,0.2141015,-1.781619e-17
82.0,-66.85637,200.4122,2.769956e-16,0.188481,0.2125609,-5.987561e-18
83.0,-67.18978,198.7926,2.710866e-16,0.1845884,0.2126156,-1.256585e-17
84.0,-60.83676,190.6168,2.445437e-16,0.1788993,0.2113628,-4.555146e-18
85.0,-60.81705,187.7321,2.375487e-16,0.1690676,0.2096922,-9.162473e-18
86.0,-58.54451,181.4261,2.222021e-16,0.1574211,0.2064935,-6.815134e-18
87.0,-54.90182,173.3215,1.958395e-16,0.1445899,0.1982838,-3.858049e-18
88.0,-50.30966,163.9282,1.594219e-16,0.1304395,0.1884433,-1.188575e-18
89.0,-44.68307,153.1763,1.148995e-16,0.1153381,0.1769601,1.050017e-18
90.0,-37.42633,141.1219,6.500281e-17,0.1002298,0.1635941,2.994619e-18
91.0,-28.82994,128.0954,1.27596e-17,0.0847459,0.1474933,4.140438e-18
92.0,-19.60992,114.6401,-3.795214e-17,0.06872634,0.129156,4.7772e-18
93.0,-10.2123,101.5135,-8.349051e-17,0.05269332,0.1092256,5.16889e-18
94.0,-1.040549,89.18409,-1.207052e-16,0.03659747,0.09044661,5.285887e-18
95.0,6.303978,78.09677,-1.553184e-16,0.02087007,0.07492835,6.494737e-18
96.0,16.80811,68.48854,-1.666086e-16,0.008537571,0.05767339,3.954368e-18
97.0,22.53937,58.63209,-1.841804e-16,-0.01097606,0.04406277,6.540778e-18
98.0,30.85748,52.82692,-1.835318e-16,-0.0248394,0.03010826,4.850092e-18
99.0,36.64387,47.50282,-1.808965e-16,-0.04241407,0.01913801,5.590705e-18
100.0,41.51747,43.92006,-1.756516e-16,-0.05911425,0.0105419,4.938435e-18
101.0,46.62621,40.81289,-1.71145e-16,-0.07705034,0.002267908,5.302832e-18
102.0,51.75283,38.05158,-1.667939e-16,-0.0931468,-0.004456608,5.748027e-18
103.0,57.31818,31.73448,-1.683771e-16,-0.1091464,-0.01142132,8.283711e-18
104.0,63.18717,30.77987,-1.640684e-16,-0.1199587,-0.01676749,7.102454e-18
105.0,68.69633,25.30071,-1.654303e-16,-0.1331076,-0.02364561,1.008704e-17
106.0,75.57812,20.81758,-1.683322e-16,-0.1432151,-0.03068668,1.151794e-17
107.0,81.2467,17.56551,-1.715e-16,-0.1522136,-0.03700705,1.045914e-17
108.0,86.38509,15.62821,-1.753279e-16,-0.1589532,-0.04378101,9.707654e-18
109.0,93.83836,14.84728,-1.822127e-16,-0.1620734,-0.05017492,9.978927e-18
110.0,100.4521,15.00716,-1.885437e-16,-0.1629452,-0.05596443,9.568123e-18
111.0,105.2391,15.67047,-1.927307e-16,-0.1616637,-0.06137701,9.014466e-18
112.0,109.1481,16.98082,-1.945507e-16,-0.1584323,-0.06595816,8.268251e-18
113.0,112.0082,18.37608,-1.94416e-16,-0.153947,-0.06956851,7.629651e-18
114.0,113.5866,19.7113,-1.918419e-16,-0.1487665,-0.07247014,6.73327e-18
115.0,114.0472,20.87681,-1.870231e-16,-0.1430547,-0.07475698,5.739808e-18
116.0,113.2886,21.86687,-1.796734e-16,-0.1369891,-0.07697158,4.635903e-18
117.0,111.6942,22.72193,-1.704308e-16,-0.1308608,-0.07880149,3.709084e-18
118.0,109.6343,23.50329,-1.599208e-16,-0.1242131,-0.08055447,2.900024e-18
119.0,107.3171,24.30043,-1.484879e-16,-0.1175397,-0.08149562,2.263509e-18
120.0,104.7671,25.20385,-1.362205e-16,-0.1102354,-0.0822463,1.718817e-18
121.0,101.9347,26.30704,-1.23099e-16,-0.1026855,-0.08250764,1.152464e-18
122.0,98.7294,27.63255,-1.091401e-16,-0.09486797,-0.08215754,6.377905e-19
123.0,95.22952,29.20332,-9.458394e-17,-0.08688089,-0.08118002,1.594058e-19
124.0,91.42563,31.04273,-7.951546e-17,-0.07933538,-0.07964973,-2.967979e-19
125.0,87.26354,33.20447,-6.386673e-17,-0.07194641,-0.07773245,-8.508737e-19
126.0,82.61533,35.73997,-4.732551e-17,-0.06447872,-0.075133,-1.424315e-18
127.0,77.62756,38.57466,-3.019474e-17,-0.05731824,-0.0718293,-1.948999e-18
128.0,72.42752,41.64086,-1.258983e-17,-0.05044084,-0.06780653,-2.429546e-18
129.0,67.11078,44.93724,5.530993e-18,-0.0437371,-0.06320285,-3.064116e-18
130.0,61.5793,48.56174,2.461485e-17,-0.03709119,-0.0579915,-3.897921e-18
131.0,55.62467,52.57439,4.534725e-17,-0.0305382,-0.05213343,-5.095421e-18
132.0,49.24313,56.90113,6.73251e-17,-0.02438654,-0.04553596,-6.516241e-18
133.0,42.67261,61.3702,8.909133e-17,-0.01830176,-0.03879977,-8.000434e-18
134.0,35.99685,65.88189,1.098527e-16,-0.01230094,-0.03146448,-9.604353e-18
135.0,29.125,70.46447,1.298682e-16,-0.00689814,-0.02331052,-1.104744e-17
136.0,22.07368,75.15298,1.494415e-16,-0.001199265,-0.01450176,-1.192829e-17
137.0,14.96853,79.92007,1.687661e-16,0.00438037,-0.00470133,-1.261561e-17
138.0,7.907135,84.73374,1.880113e-16,0.01102637,0.005770789,-1.323102e-17
139.0,0.971898,89.60832,2.072279e-16,0.01843623,0.01721045,-1.372375e-17
140.0,-5.709406,94.51391,2.261138e-16,0.02616243,0.02959034,-1.398658e-17
141.0,-11.94466,99.39389,2.441964e-16,0.03495244,0.04278036,-1.417401e-17
142.0,-17.80271,104.1909,2.614854e-16,0.04425694,0.05674641,-1.450909e-17
143.0,-23.22616,108.8171,2.778253e-16,0.05379563,0.07115181,-1.481348e-17
144.0,-28.13754,113.2288,2.931741e-16,0.0634844,0.08573653,-1.51683e-17
145.0,-32.37634,117.2793,3.073057e-16,0.07320016,0.1001915,-1.538249e-17
146.0,-35.7651,120.8434,3.199877e-16,0.08283637,0.1144011,-1.546114e-17
147.0,-38.37689,123.8254,3.314078e-16,0.09231743,0.1281696,-1.55985e-17
148.0,-40.31246,126.234,3.418622e-16,0.1015635,0.1414992,-1.578824e-17
149.0,-41.73395,128.052,3.516474e-16,0.1106151,0.1542625,-1.599552e-17
150.0,-42.86391,129.3304,3.61164e-16,0.1191948,0.1664865,-1.627279e-17
151.0,-43.86279,130.1499,3.707107e-16,0.1273474,0.1781693,-1.651948e-17
152.0,-44.81605,130.5824,3.804346e-16,0.1352486,0.1892821,-1.664298e-17
153.0,-45.77254,130.7175,3.904378e-16,0.1432125,0.1997239,-1.658501e-17
154.0,-46.76442,130.6732,4.008846e-16,0.1511501,0.2095401,-1.618873e-17
155.0,-47.81302,130.5448,4.118946e-16,0.158736,0.2190095,-1.523055e-17
156.0,-48.94019,130.4123,4.235941e-16,0.1659849,0.2284272,-1.430797e-17
157.0,-50.16534,130.3333,4.359862e-16,0.1732035,0.2375641,-1.327016e-17
158.0,-51.72421,130.3839,4.494153e-16,0.1807159,0.2463912,-1.240453e-17
159.0,-52.91653,130.414,4.61527e-16,0.1881865,0.2549729,-1.14305e-17
160.0,-54.39801,130.5555,4.728864e-16,0.195693,0.263085,-1.113824e-17
161.0,-56.21874,130.8233,4.831691e-16,0.2031765,0.2707469,-1.138619e-17
162.0,-58.37732,131.1658,4.923777e-16,0.2104872,0.2780852,-1.172279e-17
163.0,-61.8179,131.2283,5.027237e-16,0.2179353,0.2858823,-1.23476e-17
164.0,-64.70258,131.2635,5.115406e-16,0.2248597,0.2933026,-1.263464e-17
165.0,-67.52483,131.6496,5.209738e-16,0.2312936,0.3008743,-1.301206e-17
166.0,-69.16981,132.211,5.303884e-16,0.2376107,0.3090783,-1.308372e-17
167.0,-71.19747,133.112,5.414672e-16,0.243353,0.3177304,-1.358536e-17
168.0,-73.06493,133.9314,5.529542e-16,0.248908,0.3270112,-1.409517e-17
169.0,-74.85851,134.5235,5.634658e-16,0.254163,0.3361895,-1.420538e-17
170.0,-76.78695,134.9714,5.742394e-16,0.259694,0.346003,-1.458218e-17
171.0,-78.84052,135.2006,5.847514e-16,0.2651234,0.3560102,-1.484206e-17
172.0,-81.0126,135.3418,5.949825e-16,0.2705124,0.3648223,-1.501039e-17
173.0,-82.80474,135.4297,6.039764e-16,0.2761541,0.3730385,-1.504916e-17
174.0,-84.92441,135.6438,6.130635e-16,0.2820433,0.3808985,-1.529138e-17
175.0,-86.47084,135.8528,6.217391e-16,0.2879387,0.3885373,-1.533923e-17
176.0,-88.51146,136.3816,6.308035e-16,0.2939469,0.3959391,-1.542201e-17
177.0,-89.89774,136.977,6.392762e-16,0.3000201,0.4033447,-1.542263e-17
178.0,-91.76249,137.9048,6.486505e-16,0.3062029,0.4105455,-1.575572e-17
179.0,-93.30294,138.9194,6.574495e-16,0.3126999,0.4174303,-1.592355e-17
180.0,-94.85441,139.9757,6.662474e-16,0.3196115,0.4241537,-1.613904e-17
181.0,-96.56955,141.094,6.752593e-16,0.32676,0.4304281,-1.637202e-17
182.0,-97.97627,142.0531,6.836844e-16,0.3340073,0.437204,-1.637236e-17
183.0,-99.32303,142.9424,6.920253e-16,0.3408023,0.4452588,-1.642497e-17
184.0,-100.6586,143.7347,7.003409e-16,0.3470322,0.4533989,-1.643898e-17
185.0,-102.024,144.4723,7.087592e-16,0.3527325,0.4622967,-1.645834e-17
186.0,-103.2393,145.1628,7.16773e-16,0.3581441,0.4718947,-1.632369e-17
187.0,-104.4879,145.8063,7.250064e-16,0.3638956,0.4817417,-1.631614e-17
188.0,-105.7115,146.4006,7.330206e-16,0.3698134,0.4915696,-1.634582e-17
189.0,-107.0674,147.0864,7.414139e-16,0.3758936,0.5006227,-1.646656e-17
190.0,-108.3078,147.773,7.494403e-16,0.3820305,0.5092709,-1.652197e-17
191.0,-109.6259,148.6434,7.577403e-16,0.3884909,0.517729,-1.664718e-17
192.0,-110.646,149.5165,7.654873e-16,0.3951225,0.5253633,-1.670811e-17
193.0,-111.7647,150.7052,7.736414e-16,0.4018135,0.532798,-1.687684e-17
194.0,-112.7307,151.922,7.815135e-16,0.4086252,0.5402107,-1.688214e-17
195.0,-113.2382,152.9933,7.885855e-16,0.4154878,0.5473891,-1.678199e-17
196.0,-114.0775,154.3365,7.963163e-16,0.422562,0.554179,-1.692673e-17
197.0,-114.781,155.4763,8.03562e-16,0.4296921,0.5605552,-1.689062e-17
198.0,-115.7119,156.6633,8.112051e-16,0.4369038,0.5668919,-1.703792e-17
199.0,-116.4622,157.695,8.183571e-16,0.4436313,0.5737957,-1.709275e-17
200.0,-117.3644,158.774,8.259727e-16,0.4494528,0.581349,-1.726559e-17
201.0,-118.1153,159.806,8.331872e-16,0.4541765,0.5894139,-1.725007e-17
202.0,-118.9288,160.806,8.406504e-16,0.4590016,0.5980263,-1.740116e-17
203.0,-119.4707,161.735,8.473078e-16,0.4639034,0.6068871,-1.738308e-17
204.0,-120.1063,162.6386,8.544314e-16,0.4685834,0.6158679,-1.746091e-17
205.0,-120.7274,163.3526,8.61298e-16,0.473192,0.6247404,-1.749125e-17
206.0,-121.1903,163.992,8.677646e-16,0.4778581,0.63288,-1.751263e-17
207.0,-121.8239,164.6521,8.744699e-16,0.482626,0.6403113,-1.749517e-17
208.0,-122.2845,165.2824,8.807961e-16,0.4877703,0.6469939,-1.739031e-17
209.0,-122.7016,165.9103,8.870468e-16,0.4931594,0.6533242,-1.735003e-17
210.0,-123.3459,166.721,8.937241e-16,0.4987603,0.6595,-1.738036e-17
211.0,-123.6152,167.539,8.998126e-16,0.5046431,0.6654875,-1.724962e-17
212.0,-124.2385,168.6202,9.065304e-16,0.5107261,0.6709877,-1.737809e-17
213.0,-124.9096,169.7081,9.131855e-16,0.517047,0.6760507,-1.742208e-17
214.0,-125.3691,170.8295,9.195336e-16,0.5235982,0.6809203,-1.746821e-17
215.0,-126.0485,172.0148,9.26252e-16,0.5304168,0.6858719,-1.757683e-17
216.0,-126.5173,173.1255,9.325691e-16,0.5365703,0.6918584,-1.757641e-17
217.0,-126.9921,174.1989,9.390783e-16,0.5417918,0.6982308,-1.772175e-17
218.0,-127.2924,175.2015,9.452197e-16,0.5461137,0.7055572,-1.777564e-17
219.0,-127.5468,176.0861,9.511854e-16,0.5508412,0.7134688,-1.785567e-17
220.0,-127.7439,176.7764,9.570558e-16,0.5557306,0.7218993,-1.786372e-17
221.0,-127.9336,177.2625,9.627361e-16,0.5606111,0.7306116,-1.799001e-17
222.0,-128.0306,177.6161,9.680981e-16,0.5654748,0.7388784,-1.806225e-17
223.0,-128.2903,177.7827,9.73614e-16,0.5703552,0.7464058,-1.818897e-17
224.0,-128.5265,177.9792,9.789191e-16,0.5755655,0.7531368,-1.828859e-17
225.0,-128.7273,178.1933,9.841242e-16,0.5810815,0.7591709,-1.832108e-17
226.0,-129.0332,178.5328,9.893956e-16,0.5868797,0.7648141,-1.840624e-17
227.0,-129.4439,179.0375,9.94853e-16,0.5929725,0.7703624,-1.852158e-17
228.0,-129.7404,179.6625,1.000146e-15,0.5992335,0.7757393,-1.857557e-17
229.0,-130.2087,180.4766,1.005622e-15,0.6056768,0.7805044,-1.867734e-17
230.0,-130.5076,181.3861,1.010765e-15,0.6125127,0.7847819,-1.869091e-17
231.0,-131.0195,182.3704,1.016166e-15,0.6197632,0.7887302,-1.879829e-17
232.0,-131.3838,183.3313,1.021244e-15,0.6269682,0.7928566,-1.884076e-17
233.0,-131.7114,184.2364,1.02633e-15,0.6336929,0.7984028,-1.890757e-17
234.0,-131.9332,185.1304,1.031225e-15,0.6391791,0.8040065,-1.896257e-17
235.0,-132.0674,185.8172,1.036024e-15,0.6439065,0.8109044,-1.902537e-17
236.0,-132.2005,186.5135,1.040564e-15,0.6488403,0.8183358,-1.910731e-17
237.0,-132.2293,186.833,1.044972e-15,0.6540713,0.8263911,-1.917713e-17
238.0,-132.328,186.9544,1.049204e-15,0.6591437,0.8346326,-1.930317e-17
239.0,-132.4306,186.9413,1.053276e-15,0.6640962,0.8421605,-1.937272e-17
240.0,-132.4669,186.7966,1.057044e-15,0.6689206,0.8489488,-1.939207e-17
241.0,-132.803,186.6195,1.061016e-15,0.6740843,0.8549215,-1.949402e-17
242.0,-133.0409,186.4959,1.064807e-15,0.6794151,0.8599216,-1.950238e-17
243.0,-133.2258,186.454,1.06848e-15,0.684919,0.8646338,-1.951737e-17
244.0,-133.5013,186.5979,1.072332e-15,0.690577,0.8691526,-1.962863e-17
245.0,-133.8512,186.9025,1.076228e-15,0.6962806,0.8733664,-1.97e-17
246.0,-134.2586,187.3728,1.080137e-15,0.7021002,0.8769449,-1.974601e-17
247.0,-134.8337,187.9766,1.084157e-15,0.7083629,0.8798717,-1.985303e-17
248.0,-135.1504,188.616,1.087781e-15,0.7146041,0.8825042,-1.983922e-17
249.0,-135.4006,189.3112,1.091338e-15,0.7213529,0.8855486,-1.986848e-17
250.0,-135.6528,189.8815,1.094865e-15,0.727221,0.8900972,-1.995988e-17
251.0,-135.7798,190.4801,1.098235e-15,0.7317632,0.8947125,-1.999223e-17
252.0,-135.8368,191.0004,1.101458e-15,0.7354349,0.9006294,-2.003139e-17
253.0,-135.8969,191.3241,1.104544e-15,0.7393453,0.9073794,-2.012256e-17
254.0,-135.994,191.4805,1.107499e-15,0.7434506,0.914617,-2.012715e-17
255.0,-136.0746,191.2796,1.110338e-15,0.7474589,0.9219048,-2.024996e-17
256.0,-136.2054,191.092,1.113009e-15,0.7511152,0.928521,-2.038959e-17
257.0,-136.3607,190.756,1.115548e-15,0.7548112,0.9343306,-2.044425e-17
258.0,-136.6626,190.4197,1.118111e-15,0.7587251,0.939232,-2.050369e-17
259.0,-137.0228,190.1773,1.120726e-15,0.7628918,0.9431525,-2.060888e-17
260.0,-137.352,190.0716,1.123253e-15,0.7673059,0.9467031,-2.0632e-17
261.0,-137.7147,190.1524,1.125933e-15,0.7719519,0.9501381,-2.066792e-17
262.0,-138.0904,190.3734,1.128621e-15,0.7767329,0.9533868,-2.070532e-17
263.0,-138.4337,190.7263,1.131275e-15,0.7817547,0.9560902,-2.082201e-17
264.0,-138.8291,191.2111,1.133922e-15,0.7871337,0.95822,-2.081573e-17
265.0,-139.3309,191.7719,1.136587e-15,0.7927369,0.9599248,-2.085712e-17
266.0,-139.8844,192.3523,1.139183e-15,0.7985294,0.9615846,-2.097951e-17
267.0,-140.4218,192.9556,1.141738e-15,0.8035451,0.9646015,-2.098562e-17
268.0,-140.9732,193.5199,1.144386e-15,0.8073666,0.9681003,-2.103678e-17
269.0,-141.4024,194.2215,1.146829e-15,0.8094832,0.9723498,-2.113413e-17
270.0,-141.8292,194.8232,1.149163e-15,0.8117991,0.9779317,-2.117412e-17
271.0,-142.2021,195.2249,1.151356e-15,0.8144688,0.9839853,-2.111982e-17
272.0,-142.5052,195.3059,1.153476e-15,0.817016,0.9900979,-2.119532e-17
273.0,-142.7483,195.0688,1.15549e-15,0.8195263,0.996121,-2.132189e-17
274.0,-142.9668,194.5586,1.157389e-15,0.8220564,1.001615,-2.132537e-17
275.0,-143.1794,193.863,1.159113e-15,0.8247291,1.006126,-2.129985e-17
276.0,-143.439,193.0864,1.160741e-15,0.8278099,1.009678,-2.127031e-17
277.0,-143.7435,192.365,1.162324e-15,0.8310532,1.012574,-2.134928e-17
278.0,-144.1358,191.8354,1.164039e-15,0.834497,1.015409,-2.134752e-17
279.0,-144.6022,191.5862,1.165836e-15,0.8380776,1.017942,-2.137312e-17
280.0,-145.0402,191.6443,1.167603e-15,0.841786,1.019974,-2.146818e-17
281.0,-145.5371,192.0151,1.16938e-15,0.8458836,1.021389,-2.154693e-17
282.0,-146.1333,192.6372,1.1712e-15,0.850202,1.022307,-2.155221e-17
283.0,-146.7403,193.3843,1.172944e-15,0.8546302,1.022825,-2.154511e-17
284.0,-147.2864,194.1727,1.174577e-15,0.8588341,1.024232,-2.156357e-17
285.0,-147.6571,194.9114,1.17607e-15,0.861935,1.026798,-2.164584e-17
286.0,-147.8783,195.5517,1.17741e-15,0.8636323,1.029375,-2.163564e-17
287.0,-148.0401,196.0362,1.178581e-15,0.8645716,1.033656,-2.158379e-17
288.0,-148.1611,196.2782,1.179607e-15,0.8659459,1.038579,-2.155359e-17
289.0,-147.996,196.0999,1.180268e-15,0.8674743,1.043944,-2.156098e-17
290.0,-147.9668,195.71,1.180931e-15,0.8688948,1.049643,-2.160712e-17
291.0,-147.8424,194.9881,1.181379e-15,0.8703108,1.054759,-2.155722e-17
292.0,-147.6792,194.0965,1.181675e-15,0.8716821,1.059118,-2.154446e-17
293.0,-147.6201,193.2211,1.181966e-15,0.8734027,1.062606,-2.164388e-17
294.0,-147.5841,192.4483,1.182236e-15,0.8753074,1.064932,-2.161404e-17
295.0,-147.6086,191.868,1.182552e-15,0.8774638,1.066919,-2.155812e-17
296.0,-147.7168,191.5472,1.183045e-15,0.8798498,1.068632,-2.157647e-17
297.0,-147.8796,191.4812,1.183645e-15,0.8823968,1.070121,-2.167474e-17
298.0,-148.074,191.6643,1.184304e-15,0.8852457,1.071029,-2.166214e-17
299.0,-148.3498,192.0733,1.184999e-15,0.8884682,1.071345,-2.16449e-17
300.0,-148.6727,192.6159,1.185646e-15,0.8918973,1.071287,-2.164924e-17
301.0,-148.9919,193.1987,1.186198e-15,0.8954721,1.071082,-2.176356e-17
302.0,-149.1458,193.7561,1.186526e-15,0.8985324,1.072182,-2.174261e-17
303.0,-149.2529,194.2502,1.186934e-15,0.9000836,1.073962,-2.170325e-17
304.0,-149.3538,194.6604,1.187322e-15,0.9006949,1.076112,-2.16875e-17
305.0,-149.3403,194.9097,1.187511e-15,0.9007286,1.079956,-2.166985e-17
306.0,-149.3642,194.9756,1.187712e-15,0.9012239,1.08426,-2.174335e-17
307.0,-149.0617,194.6507,1.187507e-15,0.9018081,1.088805,-2.170605e-17
308.0,-148.9144,194.168,1.187383e-15,0.902362,1.093601,-2.17458e-17
309.0,-148.7309,193.4226,1.187156e-15,0.9029359,1.098009,-2.169833e-17
310.0,-148.5156,192.5298,1.186742e-15,0.9035032,1.101328,-2.170532e-17
311.0,-148.41,191.6826,1.186383e-15,0.9046145,1.103612,-2.176539e-17
312.0,-148.3437,190.9197,1.186029e-15,0.9058696,1.105302,-2.175567e-17
313.0,-148.3588,190.3353,1.185771e-15,0.9073571,1.106635,-2.169232e-17
314.0,-148.4614,189.9987,1.185636e-15,0.909097,1.107611,-2.164391e-17
315.0,-148.5857,189.9007,1.185496e-15,0.9110514,1.108163,-2.168234e-17
316.0,-148.7617,190.0638,1.185379e-15,0.9133569,1.108083,-2.178387e-17
317.0,-148.9732,190.4365,1.185234e-15,0.9159873,1.107495,-2.182512e-17
318.0,-149.2317,190.916,1.18507e-15,0.918833,1.106495,-2.179943e-17
319.0,-149.46,191.4221,1.184829e-15,0.9217891,1.105696,-2.176578e-17
320.0,-149.5959,191.8922,1.184504e-15,0.92389,1.106364,-2.174214e-17
321.0,-149.5381,192.2615,1.184064e-15,0.9248748,1.107129,-2.170126e-17
322.0,-149.4318,192.5351,1.18355e-15,0.9247393,1.108616,-2.175316e-17
323.0,-149.4577,192.7341,1.183078e-15,0.9241426,1.111775,-2.185527e-17
324.0,-149.4009,192.6917,1.182495e-15,0.9239804,1.115303,-2.184231e-17
325.0,-149.2331,192.3335,1.181782e-15,0.923988,1.119044,-2.181371e-17
326.0,-148.9922,191.7427,1.180944e-15,0.923956,1.122963,-2.177705e-17
327.0,-148.7325,190.9866,1.179928e-15,0.9238948,1.126678,-2.174938e-17
328.0,-148.5272,190.1758,1.178792e-15,0.9238351,1.12911,-2.169409e-17
329.0,-148.4503,189.411,1.177658e-15,0.9242655,1.130587,-2.16503e-17
330.0,-148.4799,188.7415,1.176557e-15,0.9248394,1.131431,-2.159291e-17
331.0,-148.5866,188.2437,1.175493e-15,0.9256555,1.131868,-2.154973e-17
332.0,-148.7451,187.9614,1.174471e-15,0.9267791,1.131951,-2.153328e-17
333.0,-148.8558,187.8802,1.173353e-15,0.9281529,1.131723,-2.154752e-17
334.0,-149.0019,188.0141,1.172239e-15,0.9299469,1.130863,-2.15611e-17
335.0,-149.1812,188.3179,1.171047e-15,0.9321114,1.129528,-2.155545e-17
336.0,-149.362,188.7057,1.169726e-15,0.9345246,1.127844,-2.154055e-17
337.0,-149.5026,189.1019,1.168291e-15,0.9370817,1.126206,-2.153569e-17
338.0,-149.5441,189.4566,1.16677e-15,0.9389249,1.125885,-2.152699e-17
339.0,-149.626,189.7619,1.165326e-15,0.9393878,1.125823,-2.153202e-17
340.0,-149.4279,189.8982,1.163621e-15,0.9392644,1.126118,-2.147347e-17
341.0,-149.2721,189.9723,1.161975e-15,0.9381428,1.128067,-2.146065e-17
342.0,-149.0781,189.8319,1.160244e-15,0.9375313,1.130565,-2.139136e-17
343.0,-148.7807,189.4292,1.158372e-15,0.9371225,1.13333,-2.134234e-17
344.0,-148.4218,188.817,1.156369e-15,0.9366883,1.136401,-2.131235e-17
345.0,-148.0719,188.0783,1.154171e-15,0.9362192,1.139345,-2.124884e-17
346.0,-147.8207,187.3098,1.151854e-15,0.935756,1.140994,-2.121296e-17
347.0,-147.7033,186.5876,1.149454e-15,0.9357089,1.141977,-2.11218e-17
348.0,-147.6843,185.912,1.146812e-15,0.9357823,1.141707,-2.103695e-17
349.0,-147.7818,185.4976,1.14437e-15,0.9362173,1.141196,-2.104283e-17
350.0,-147.9009,185.2566,1.141767e-15,0.9369252,1.14042,-2.09971e-17
351.0,-147.9381,185.1573,1.138809e-15,0.9378334,1.139446,-2.090979e-17
352.0,-148.0238,185.2764,1.135973e-15,0.9391182,1.137906,-2.090607e-17
353.0,-148.0664,185.5069,1.132671e-15,0.9408624,1.136013,-2.08047e-17
354.0,-148.1619,185.7917,1.129285e-15,0.9428574,1.133784,-2.077554e-17
355.0,-148.3057,186.1417,1.125905e-15,0.9448385,1.131487,-2.075149e-17
356.0,-148.2367,186.37,1.122042e-15,0.9463199,1.130677,-2.059138e-17
357.0,-148.1143,186.4999,1.11817e-15,0.9463639,1.130145,-2.044744e-17
358.0,-147.7772,186.4968,1.114135e-15,0.9455225,1.130009,-2.019165e-17
359.0,-147.6383,186.533,1.109706e-15,0.9438862,1.131267,-2.107555e-17
360.0,-147.4187,186.3563,1.105795e-15,0.9425608,1.133487,-2.051398e-17
361.0,-147.1025,185.95,1.102293e-15,0.9414245,1.135937,-1.955019e-17
362.0,-146.7756,185.3892,1.098999e-15,0.9402555,1.138785,-1.842338e-17
363.0,-146.4974,184.7483,1.095981e-15,0.9390279,1.141483,-1.715301e-17
364.0,-146.2856,184.1034,1.093193e-15,0.9378184,1.143103,-1.539645e-17
365.0,-146.2023,183.4993,1.090761e-15,0.9369234,1.144026,-1.31446e-17
366.0,-146.211,182.9891,1.088737e-15,0.936299,1.143739,-1.057696e-17
367.0,-146.2988,182.6342,1.086989e-15,0.9358523,1.143038,-7.609077e-18
368.0,-146.3867,182.4448,1.085406e-15,0.9357519,1.141982,-3.697776e-18
369.0,-146.4398,182.4112,1.083872e-15,0.9359186,1.140978,-4.830009e-18
370.0,-146.4501,182.5074,1.082498e-15,0.9364878,1.139431,-4.978745e-18
371.0,-146.4626,182.7203,1.081224e-15,0.9375498,1.137559,-4.982461e-18
372.0,-146.5062,182.9886,1.080084e-15,0.9389433,1.13534,-4.948306e-18
373.0,-146.5154,183.2421,1.079007e-15,0.9405732,1.13284,-4.898669e-18
374.0,-146.3994,183.4434,1.077958e-15,0.941669,1.131408,-4.913231e-18
375.0,-146.1759,183.5641,1.077016e-15,0.9414711,1.130786,-4.900001e-18
376.0,-145.918,183.6195,1.076191e-15,0.9405636,1.129987,-4.900239e-18
377.0,-145.6067,183.6329,1.075387e-15,0.9386756,1.13058,-4.909518e-18
378.0,-145.2051,183.5239,1.074635e-15,0.9368513,1.132118,-4.901133e-18
379.0,-144.785,183.264,1.073923e-15,0.9352643,1.133862,-4.8893e-18
380.0,-144.4034,182.9088,1.07324e-15,0.9338017,1.136181,-4.933505e-18
381.0,-144.0923,182.4996,1.072598e-15,0.9323603,1.138543,-4.981539e-18
382.0,-143.8416,182.0583,1.072023e-15,0.9310375,1.140321,-5.03018e-18
383.0,-143.6794,181.6392,1.071536e-15,0.9298498,1.141007,-5.044498e-18
384.0,-143.6142,181.3029,1.071097e-15,0.9289876,1.140771,-5.038752e-18
385.0,-143.6165,181.0927,1.070714e-15,0.9283626,1.139914,-5.05713e-18
386.0,-143.6047,181.0125,1.070409e-15,0.9280702,1.13892,-5.074859e-18
387.0,-143.579,181.0719,1.070158e-15,0.9280377,1.137873,-5.079051e-18
388.0,-143.5134,181.2415,1.069921e-15,0.9283409,1.136341,-5.087821e-18
389.0,-143.4411,181.5192,1.069703e-15,0.9290841,1.134485,-5.085235e-18
390.0,-143.3916,181.8648,1.069509e-15,0.9301859,1.132251,-5.091178e-18
391.0,-143.3385,182.2076,1.069308e-15,0.931469,1.129656,-5.101794e-18
392.0,-143.2249,182.5188,1.069077e-15,0.9325673,1.127847,-5.108599e-18
393.0,-143.0015,182.7576,1.068855e-15,0.9324498,1.12714,-5.105585e-18
394.0,-142.7293,182.9371,1.068657e-15,0.9313643,1.125962,-5.097873e-18
395.0,-142.4222,183.0971,1.068447e-15,0.9293027,1.125856,-5.112932e-18
396.0,-142.0657,183.1873,1.068224e-15,0.9269642,1.126992,-5.107747e-18
397.0,-141.7207,183.1594,1.067997e-15,0.9249262,1.128284,-5.113748e-18
398.0,-141.4312,183.0432,1.067796e-15,0.9228531,1.129791,-5.140134e-18
399.0,-141.1932,182.8585,1.067603e-15,0.920716,1.131416,-5.18029e-18
400.0,-141.0043,182.6276,1.067418e-15,0.9185069,1.132749,-5.199775e-18
401.0,-140.895,182.4097,1.067248e-15,0.9163342,1.132987,-5.197456e-18
402.0,-140.9019,182.2509,1.067107e-15,0.9145356,1.132354,-5.192846e-18
403.0,-140.9772,182.1871,1.06698e-15,0.9129011,1.130895,-5.170824e-18
404.0,-141.0219,182.2214,1.06692e-15,0.911507,1.129042,-5.170708e-18
405.0,-141.0165,182.3722,1.066916e-15,0.9105325,1.126994,-5.161101e-18
406.0,-140.9474,182.6202,1.066942e-15,0.9098004,1.124609,-5.148785e-18
407.0,-140.8371,182.9683,1.066972e-15,0.9095204,1.121666,-5.13687e-18
408.0,-140.7152,183.3906,1.066995e-15,0.9095322,1.118217,-5.122619e-18
